Vertices;coordinate_x;coordinate_y
0;361252.4167013285;6699278.7572178
1;360967.0285932711;6698325.740272101
2;361430.0232549741;6698569.444267439
3;360711.8134391004;6698360.5029255375
4;360907.3610987468;6698435.935810202
5;361109.2742714606;6698687.684381334
6;360769.2168468278;6696421.43833362
7;361424.4925437287;6699022.396100158
8;362336.04904328176;6698683.726116959
9;360840.3615698509;6698028.417233491
10;360840.3006132993;6698733.628466031
